-- Insertions pour la table Region
INSERT INTO Region (code, nom, pays) VALUES
(84, 'Auvergne-Rhône-Alpes', 'France'),
(76, 'Occitanie', 'France');

-- Insertions pour la table Departement
INSERT INTO Departement (code, nom, code_Region) VALUES
('1', 'Ain', 84),
('31', 'Haute-Garonne', 76),
('34', 'Hérault', 76),
('26', 'Drôme', 84);

-- Insertions pour la table Communes
INSERT INTO Communes (code_insee, nom_standard, code_postal, code_postal_suffix, population, code) VALUES
(1001, "L'Abergement-Clémenciat", 1400, NULL, 806, '1'),
(1002, "L'Abergement-de-Varey", 1640, NULL, 262, '1'),
(1004, "Ambérieu-en-Bugey", 1500, NULL, 14288, '1');

-- Insertions pour la table Marque_panneau
INSERT INTO Marque_panneau (nom) VALUES
('Sanyo'),
('Canadian Solar'),
('Mitsubishi');


INSERT INTO Marque_panneau (nom) VALUES
('Sanyo'),
('Canadian Solar'),
('Mitsubishi');
INSERT INTO Marque_panneau (nom) VALUES ('Schwaben_Solar');
INSERT INTO Marque_panneau (nom) VALUES ('SUNOLOGY');
INSERT INTO Marque_panneau (nom) VALUES ('Sunrise');
INSERT INTO Marque_panneau (nom) VALUES ('Mitsubishi');
INSERT INTO Marque_panneau (nom) VALUES ('ECO_DELTA');
INSERT INTO Marque_panneau (nom) VALUES ('FATH_Solar');
INSERT INTO Marque_panneau (nom) VALUES ('EDF');
INSERT INTO Marque_panneau (nom) VALUES ('Aprisun');
INSERT INTO Marque_panneau (nom) VALUES ('SUNeNERGIE');
INSERT INTO Marque_panneau (nom) VALUES ('Uni_Solar');
INSERT INTO Marque_panneau (nom) VALUES ('Rec_Solar');
INSERT INTO Marque_panneau (nom) VALUES ('Depasol');
INSERT INTO Marque_panneau (nom) VALUES ('GEenergy');
INSERT INTO Marque_panneau (nom) VALUES ('kdgenergy');
INSERT INTO Marque_panneau (nom) VALUES ('Atlantisenergie');
INSERT INTO Marque_panneau (nom) VALUES ('Daqo_Newenergy');
INSERT INTO Marque_panneau (nom) VALUES ('SolarfunBENQ');
INSERT INTO Marque_panneau (nom) VALUES ('GEG_AG');
INSERT INTO Marque_panneau (nom) VALUES ('Biohaus');
INSERT INTO Marque_panneau (nom) VALUES ('AIDE_SOLAR');
INSERT INTO Marque_panneau (nom) VALUES ('Tournaire');
INSERT INTO Marque_panneau (nom) VALUES ('Solar_Fabrik');
INSERT INTO Marque_panneau (nom) VALUES ('USL');
INSERT INTO Marque_panneau (nom) VALUES ('DREAMSOL');
INSERT INTO Marque_panneau (nom) VALUES ('Solarezo');
INSERT INTO Marque_panneau (nom) VALUES ('BLDSolar');
INSERT INTO Marque_panneau (nom) VALUES ('Jetion');
INSERT INTO Marque_panneau (nom) VALUES ('Siemens_Solar');
INSERT INTO Marque_panneau (nom) VALUES ('Shell_Solar');
INSERT INTO Marque_panneau (nom) VALUES ('DUALSUN');
INSERT INTO Marque_panneau (nom) VALUES ('CP_Solar');
INSERT INTO Marque_panneau (nom) VALUES ('Caldeis');
INSERT INTO Marque_panneau (nom) VALUES ('ASE');
INSERT INTO Marque_panneau (nom) VALUES ('Aimex');
INSERT INTO Marque_panneau (nom) VALUES ('Phoenix_Solar');
INSERT INTO Marque_panneau (nom) VALUES ('SUNTECH');
INSERT INTO Marque_panneau (nom) VALUES ('Shanghai_Topsolar');
INSERT INTO Marque_panneau (nom) VALUES ('Eging');
INSERT INTO Marque_panneau (nom) VALUES ('DelSolar');
INSERT INTO Marque_panneau (nom) VALUES ('NEXPOWER');
INSERT INTO Marque_panneau (nom) VALUES ('Solartec');
INSERT INTO Marque_panneau (nom) VALUES ('Sunage');
INSERT INTO Marque_panneau (nom) VALUES ('FRANKFORT_SOLAR');
INSERT INTO Marque_panneau (nom) VALUES ('UBINK');
INSERT INTO Marque_panneau (nom) VALUES ('Chinaland_Solarenergy');
INSERT INTO Marque_panneau (nom) VALUES ('LONGeNERGY');
INSERT INTO Marque_panneau (nom) VALUES ('Colas');
INSERT INTO Marque_panneau (nom) VALUES ('SOLPOWER');
INSERT INTO Marque_panneau (nom) VALUES ('Zhejiang_ZG_Cells');
INSERT INTO Marque_panneau (nom) VALUES ('Jiangsu_Wanfeng');
INSERT INTO Marque_panneau (nom) VALUES ('system_photonics');
INSERT INTO Marque_panneau (nom) VALUES ('Solarcentury');
INSERT INTO Marque_panneau (nom) VALUES ('GSDF');
INSERT INTO Marque_panneau (nom) VALUES ('Voltec_Solar');
INSERT INTO Marque_panneau (nom) VALUES ('VMH_ENERGIE');
INSERT INTO Marque_panneau (nom) VALUES ('SUNY_SYSTEM');
INSERT INTO Marque_panneau (nom) VALUES ('Canadian_Solar');
INSERT INTO Marque_panneau (nom) VALUES ('PHOTON_POWER');
INSERT INTO Marque_panneau (nom) VALUES ('FotoTherm');
INSERT INTO Marque_panneau (nom) VALUES ('AUO_AU_Optronics_Corporation');
INSERT INTO Marque_panneau (nom) VALUES ('Mage_Solar');
INSERT INTO Marque_panneau (nom) VALUES ('BP_Solar');
INSERT INTO Marque_panneau (nom) VALUES ('AlfaSolar');
INSERT INTO Marque_panneau (nom) VALUES ('Akhter');
INSERT INTO Marque_panneau (nom) VALUES ('SILLIA');
INSERT INTO Marque_panneau (nom) VALUES ('BIOSOL');
INSERT INTO Marque_panneau (nom) VALUES ('Xi_an_Huanghe');
INSERT INTO Marque_panneau (nom) VALUES ('SUNPRO');
INSERT INTO Marque_panneau (nom) VALUES ('Soleia');
INSERT INTO Marque_panneau (nom) VALUES ('German_PV');
INSERT INTO Marque_panneau (nom) VALUES ('Zhongjing_Solar');
INSERT INTO Marque_panneau (nom) VALUES ('Schott');
INSERT INTO Marque_panneau (nom) VALUES ('Zhejiang_RDM');
INSERT INTO Marque_panneau (nom) VALUES ('Phono_Solar');
INSERT INTO Marque_panneau (nom) VALUES ('LORENTZ');
INSERT INTO Marque_panneau (nom) VALUES ('SCHEUTEN');
INSERT INTO Marque_panneau (nom) VALUES ('DUOenergy');
INSERT INTO Marque_panneau (nom) VALUES ('SunOwe');
INSERT INTO Marque_panneau (nom) VALUES ('CP_SOLAR');
INSERT INTO Marque_panneau (nom) VALUES ('ATERSA');
INSERT INTO Marque_panneau (nom) VALUES ('Enertech');
INSERT INTO Marque_panneau (nom) VALUES ('Solarexcellence');
INSERT INTO Marque_panneau (nom) VALUES ('Sun_Tech_Solar');
INSERT INTO Marque_panneau (nom) VALUES ('SINSKI');
INSERT INTO Marque_panneau (nom) VALUES ('CS_WISMAR');
INSERT INTO Marque_panneau (nom) VALUES ('Francilienne');
INSERT INTO Marque_panneau (nom) VALUES ('China_solarland');
INSERT INTO Marque_panneau (nom) VALUES ('stream_solar');
INSERT INTO Marque_panneau (nom) VALUES ('centro_solar');
INSERT INTO Marque_panneau (nom) VALUES ('Roto_Frank');
INSERT INTO Marque_panneau (nom) VALUES ('Consolar');
INSERT INTO Marque_panneau (nom) VALUES ('SOLEOS');
INSERT INTO Marque_panneau (nom) VALUES ('First_solar');
INSERT INTO Marque_panneau (nom) VALUES ('ReneSola');
INSERT INTO Marque_panneau (nom) VALUES ('SCNenergy');
INSERT INTO Marque_panneau (nom) VALUES ('Q_cells');
INSERT INTO Marque_panneau (nom) VALUES ('LONGI_Solar');
INSERT INTO Marque_panneau (nom) VALUES ('MSK_Corporation');
INSERT INTO Marque_panneau (nom) VALUES ('GENERIQUE');
INSERT INTO Marque_panneau (nom) VALUES ('ESPY');
INSERT INTO Marque_panneau (nom) VALUES ('ALEO');
INSERT INTO Marque_panneau (nom) VALUES ('RISEN_SOLAR');
INSERT INTO Marque_panneau (nom) VALUES ('Issol');
INSERT INTO Marque_panneau (nom) VALUES ('GPV');
INSERT INTO Marque_panneau (nom) VALUES ('Soleole');
INSERT INTO Marque_panneau (nom) VALUES ('REC');
INSERT INTO Marque_panneau (nom) VALUES ('Sopray_Solar');
INSERT INTO Marque_panneau (nom) VALUES ('SES');
INSERT INTO Marque_panneau (nom) VALUES ('Fonroche_/_Pevafersa');
INSERT INTO Marque_panneau (nom) VALUES ('Ammini_Solar');
INSERT INTO Marque_panneau (nom) VALUES ('Romag');
INSERT INTO Marque_panneau (nom) VALUES ('Cristal_Solar');
INSERT INTO Marque_panneau (nom) VALUES ('EGing');
INSERT INTO Marque_panneau (nom) VALUES ('ErSol');
INSERT INTO Marque_panneau (nom) VALUES ('MX_Group');
INSERT INTO Marque_panneau (nom) VALUES ('Bosch');
INSERT INTO Marque_panneau (nom) VALUES ('LDK_SOLAR');
INSERT INTO Marque_panneau (nom) VALUES ('SNA_solar');
INSERT INTO Marque_panneau (nom) VALUES ('Soluxtec');
INSERT INTO Marque_panneau (nom) VALUES ('Baoding_Yingli');
INSERT INTO Marque_panneau (nom) VALUES ('Antec_Solar');
INSERT INTO Marque_panneau (nom) VALUES ('Bourgeoisglobal');
INSERT INTO Marque_panneau (nom) VALUES ('Unimetal');
INSERT INTO Marque_panneau (nom) VALUES ('RECOM');
INSERT INTO Marque_panneau (nom) VALUES ('Solarstoxx');
INSERT INTO Marque_panneau (nom) VALUES ('Solon_AG');
INSERT INTO Marque_panneau (nom) VALUES ('REC_Scanmodule');
INSERT INTO Marque_panneau (nom) VALUES ('CAPTELIA');
INSERT INTO Marque_panneau (nom) VALUES ('S_ENERGY');
INSERT INTO Marque_panneau (nom) VALUES ('ALDEN');
INSERT INTO Marque_panneau (nom) VALUES ('DOMOS_Industries');
INSERT INTO Marque_panneau (nom) VALUES ('Stefan_Nau');
INSERT INTO Marque_panneau (nom) VALUES ('SOLASUN');
INSERT INTO Marque_panneau (nom) VALUES ('Telecom_STV');
INSERT INTO Marque_panneau (nom) VALUES ('3S');
INSERT INTO Marque_panneau (nom) VALUES ('SOLAR_FRONTIER');
INSERT INTO Marque_panneau (nom) VALUES ('BELGASUN');
INSERT INTO Marque_panneau (nom) VALUES ('Solarinox');
INSERT INTO Marque_panneau (nom) VALUES ('Ultimate_solar');
INSERT INTO Marque_panneau (nom) VALUES ('Solar_Creator');
INSERT INTO Marque_panneau (nom) VALUES ('PEIMAR');
INSERT INTO Marque_panneau (nom) VALUES ('Siliken');
INSERT INTO Marque_panneau (nom) VALUES ('Pas_dans_la_liste_panneaux');
INSERT INTO Marque_panneau (nom) VALUES ('GREENeARTH');
INSERT INTO Marque_panneau (nom) VALUES ('KIOTO');
INSERT INTO Marque_panneau (nom) VALUES ('Solarwerk');
INSERT INTO Marque_panneau (nom) VALUES ('SolarWorld');
INSERT INTO Marque_panneau (nom) VALUES ('Solarex');
INSERT INTO Marque_panneau (nom) VALUES ('ALTERNASOL');
INSERT INTO Marque_panneau (nom) VALUES ('Emmvee_solar');
INSERT INTO Marque_panneau (nom) VALUES ('Omnis_Power');
INSERT INTO Marque_panneau (nom) VALUES ('CONERGY');
INSERT INTO Marque_panneau (nom) VALUES ('robby_solar');
INSERT INTO Marque_panneau (nom) VALUES ('TRINA_SOLAR');
INSERT INTO Marque_panneau (nom) VALUES ('Suntechnics');
INSERT INTO Marque_panneau (nom) VALUES ('apinsolar');
INSERT INTO Marque_panneau (nom) VALUES ('Hitachi');
INSERT INTO Marque_panneau (nom) VALUES ('Gloria_Solar');
INSERT INTO Marque_panneau (nom) VALUES ('Almasolar');
INSERT INTO Marque_panneau (nom) VALUES ('BiSol');
INSERT INTO Marque_panneau (nom) VALUES ('Ecostream');
INSERT INTO Marque_panneau (nom) VALUES ('Sulfurcell');
INSERT INTO Marque_panneau (nom) VALUES ('Thomsonenergy');
INSERT INTO Marque_panneau (nom) VALUES ('UNAH');
INSERT INTO Marque_panneau (nom) VALUES ('Solar_Power');
INSERT INTO Marque_panneau (nom) VALUES ('FIREeNERGY');
INSERT INTO Marque_panneau (nom) VALUES ('Win_Win_Precision');
INSERT INTO Marque_panneau (nom) VALUES ('Gesolar');
INSERT INTO Marque_panneau (nom) VALUES ('IATSO');
INSERT INTO Marque_panneau (nom) VALUES ('Solel');
INSERT INTO Marque_panneau (nom) VALUES ('MHI');
INSERT INTO Marque_panneau (nom) VALUES ('SHARP');
INSERT INTO Marque_panneau (nom) VALUES ('JINKO_SOLAR');
INSERT INTO Marque_panneau (nom) VALUES ('Exiom');
INSERT INTO Marque_panneau (nom) VALUES ('Eoplly');
INSERT INTO Marque_panneau (nom) VALUES ('Eurener');
INSERT INTO Marque_panneau (nom) VALUES ('Integra_Solar');
INSERT INTO Marque_panneau (nom) VALUES ('Synexium');
INSERT INTO Marque_panneau (nom) VALUES ('GSS');
INSERT INTO Marque_panneau (nom) VALUES ('A_Solar');
INSERT INTO Marque_panneau (nom) VALUES ('SunFlower');
INSERT INTO Marque_panneau (nom) VALUES ('Brisban_Solar');
INSERT INTO Marque_panneau (nom) VALUES ('SCHUTTEN_SOLAR');
INSERT INTO Marque_panneau (nom) VALUES ('Europ_Solar');
INSERT INTO Marque_panneau (nom) VALUES ('Ubbink');
INSERT INTO Marque_panneau (nom) VALUES ('Advent');
INSERT INTO Marque_panneau (nom) VALUES ('cuantum_solar');
INSERT INTO Marque_panneau (nom) VALUES ('Evergreen');
INSERT INTO Marque_panneau (nom) VALUES ('Voltus');
INSERT INTO Marque_panneau (nom) VALUES ('GSS_/_IPEG');
INSERT INTO Marque_panneau (nom) VALUES ('Azur_Solar');
INSERT INTO Marque_panneau (nom) VALUES ('Saint_Gobain_Solar');
INSERT INTO Marque_panneau (nom) VALUES ('Latitude_Solar');
INSERT INTO Marque_panneau (nom) VALUES ('Powerlight');
INSERT INTO Marque_panneau (nom) VALUES ('GAHELIOS');
INSERT INTO Marque_panneau (nom) VALUES ('Universalenergy');
INSERT INTO Marque_panneau (nom) VALUES ('SunnyPower');
INSERT INTO Marque_panneau (nom) VALUES ('Heckert_Solar');
INSERT INTO Marque_panneau (nom) VALUES ('ibc_solar');
INSERT INTO Marque_panneau (nom) VALUES ('ARCO_SOLAR');
INSERT INTO Marque_panneau (nom) VALUES ('LUXOL');
INSERT INTO Marque_panneau (nom) VALUES ('SARONIC');
INSERT INTO Marque_panneau (nom) VALUES ('Signet_Solar_Inc');
INSERT INTO Marque_panneau (nom) VALUES ('UNIMEN_SOLAR');
INSERT INTO Marque_panneau (nom) VALUES ('SENTECH');
INSERT INTO Marque_panneau (nom) VALUES ('Solarnova');
INSERT INTO Marque_panneau (nom) VALUES ('SOLARWATT');
INSERT INTO Marque_panneau (nom) VALUES ('QS_SOLAR');
INSERT INTO Marque_panneau (nom) VALUES ('solarstocc');
INSERT INTO Marque_panneau (nom) VALUES ('Solariaenergia');
INSERT INTO Marque_panneau (nom) VALUES ('Enfinity');
INSERT INTO Marque_panneau (nom) VALUES ('CLIPSOL');
INSERT INTO Marque_panneau (nom) VALUES ('Hareon_Solar');
INSERT INTO Marque_panneau (nom) VALUES ('Watt_Home');
INSERT INTO Marque_panneau (nom) VALUES ('Heliene');
INSERT INTO Marque_panneau (nom) VALUES ('Trimex_Tesla');
INSERT INTO Marque_panneau (nom) VALUES ('Union_Solar');
INSERT INTO Marque_panneau (nom) VALUES ('Beemenergy');
INSERT INTO Marque_panneau (nom) VALUES ('Tenesol');
INSERT INTO Marque_panneau (nom) VALUES ('ECOWATT');
INSERT INTO Marque_panneau (nom) VALUES ('SYSTAIC');
INSERT INTO Marque_panneau (nom) VALUES ('JC_SOLAR');
INSERT INTO Marque_panneau (nom) VALUES ('Jiangxi_Best_Solar');
INSERT INTO Marque_panneau (nom) VALUES ('Antaris_Solar');
INSERT INTO Marque_panneau (nom) VALUES ('ZNShine');
INSERT INTO Marque_panneau (nom) VALUES ('Photowatt');
INSERT INTO Marque_panneau (nom) VALUES ('Frenchenergy');
INSERT INTO Marque_panneau (nom) VALUES ('Solutium');
INSERT INTO Marque_panneau (nom) VALUES ('Samsungelectronics');
INSERT INTO Marque_panneau (nom) VALUES ('Activasun');
INSERT INTO Marque_panneau (nom) VALUES ('CSUN');
INSERT INTO Marque_panneau (nom) VALUES ('Sonnex');
INSERT INTO Marque_panneau (nom) VALUES ('Sunasol');
INSERT INTO Marque_panneau (nom) VALUES ('Sunearth');
INSERT INTO Marque_panneau (nom) VALUES ('ENR_PRO');
INSERT INTO Marque_panneau (nom) VALUES ('Sonnenstromfabrik');
INSERT INTO Marque_panneau (nom) VALUES ('SOLSTIS');
INSERT INTO Marque_panneau (nom) VALUES ('Ningbo_Qixin_Solar');
INSERT INTO Marque_panneau (nom) VALUES ('First_Hybridenergy');
INSERT INTO Marque_panneau (nom) VALUES ('Siemens/Shell');
INSERT INTO Marque_panneau (nom) VALUES ('Alex_Solar');
INSERT INTO Marque_panneau (nom) VALUES ('DAXTEC');
INSERT INTO Marque_panneau (nom) VALUES ('Viessmann');
INSERT INTO Marque_panneau (nom) VALUES ('DAY4ENERGY');
INSERT INTO Marque_panneau (nom) VALUES ('Solar_tendances');
INSERT INTO Marque_panneau (nom) VALUES ('SOLAIREeLEC');
INSERT INTO Marque_panneau (nom) VALUES ('ET_Solar');
INSERT INTO Marque_panneau (nom) VALUES ('HELIOSeNERGY');
INSERT INTO Marque_panneau (nom) VALUES ('HC_Solar_Power');
INSERT INTO Marque_panneau (nom) VALUES ('MEYER_BURGER');
INSERT INTO Marque_panneau (nom) VALUES ('kingdomsolar');
INSERT INTO Marque_panneau (nom) VALUES ('RAYS');
INSERT INTO Marque_panneau (nom) VALUES ('ALKASOL');
INSERT INTO Marque_panneau (nom) VALUES ('Auversun');
INSERT INTO Marque_panneau (nom) VALUES ('DS_Solar');
INSERT INTO Marque_panneau (nom) VALUES ('Italsolar');
INSERT INTO Marque_panneau (nom) VALUES ('Astronergy');
INSERT INTO Marque_panneau (nom) VALUES ('Himin_Solar');
INSERT INTO Marque_panneau (nom) VALUES ('Arco_/_Siemens');
INSERT INTO Marque_panneau (nom) VALUES ('GPPV');
INSERT INTO Marque_panneau (nom) VALUES ('SoluxTec');
INSERT INTO Marque_panneau (nom) VALUES ('AviraSolar');
INSERT INTO Marque_panneau (nom) VALUES ('SNA_Solar');
INSERT INTO Marque_panneau (nom) VALUES ('Solar_Cells');
INSERT INTO Marque_panneau (nom) VALUES ('Luxor');
INSERT INTO Marque_panneau (nom) VALUES ('O2_Solar');
INSERT INTO Marque_panneau (nom) VALUES ('Istar_Solar');
INSERT INTO Marque_panneau (nom) VALUES ('Senergy');
INSERT INTO Marque_panneau (nom) VALUES ('Droben');
INSERT INTO Marque_panneau (nom) VALUES ('Serranoenvironnement');
INSERT INTO Marque_panneau (nom) VALUES ('Renewis');
INSERT INTO Marque_panneau (nom) VALUES ('FUTURASUN');
INSERT INTO Marque_panneau (nom) VALUES ('Next_Generation');
INSERT INTO Marque_panneau (nom) VALUES ('Shunda');
INSERT INTO Marque_panneau (nom) VALUES ('Schuco');
INSERT INTO Marque_panneau (nom) VALUES ('Symphonyen.');
INSERT INTO Marque_panneau (nom) VALUES ('Mylight_Systems');
INSERT INTO Marque_panneau (nom) VALUES ('Ensol');
INSERT INTO Marque_panneau (nom) VALUES ('Shanghai_Chaori');
INSERT INTO Marque_panneau (nom) VALUES ('Fujielectric');
INSERT INTO Marque_panneau (nom) VALUES ('Yingli_Solar');
INSERT INTO Marque_panneau (nom) VALUES ('THALEOS');
INSERT INTO Marque_panneau (nom) VALUES ('BYD');
INSERT INTO Marque_panneau (nom) VALUES ('PANASONIC');
INSERT INTO Marque_panneau (nom) VALUES ('Wurth_Solar');
INSERT INTO Marque_panneau (nom) VALUES ('CEEG');
INSERT INTO Marque_panneau (nom) VALUES ('I_SONNE');
INSERT INTO Marque_panneau (nom) VALUES ('SY_SOL');
INSERT INTO Marque_panneau (nom) VALUES ('JA_Solar');
INSERT INTO Marque_panneau (nom) VALUES ('LIBRAeNERGY');
INSERT INTO Marque_panneau (nom) VALUES ('BIOeNERGY');
INSERT INTO Marque_panneau (nom) VALUES ('Pacific_Solar_Tech');
INSERT INTO Marque_panneau (nom) VALUES ('Alwitra');
INSERT INTO Marque_panneau (nom) VALUES ('S.A.G.');
INSERT INTO Marque_panneau (nom) VALUES ('Solar_swiss');
INSERT INTO Marque_panneau (nom) VALUES ('Sunova_Solar');
INSERT INTO Marque_panneau (nom) VALUES ('DATATSP');
INSERT INTO Marque_panneau (nom) VALUES ('Ansaldo');
INSERT INTO Marque_panneau (nom) VALUES ('Isofoton');
INSERT INTO Marque_panneau (nom) VALUES ('UPSOLAR');
INSERT INTO Marque_panneau (nom) VALUES ('Hengji_Solar');
INSERT INTO Marque_panneau (nom) VALUES ('JNL');
INSERT INTO Marque_panneau (nom) VALUES ('xi_an_Huanghe');
INSERT INTO Marque_panneau (nom) VALUES ('PVenterprise');
INSERT INTO Marque_panneau (nom) VALUES ('FT_Solaire');
INSERT INTO Marque_panneau (nom) VALUES ('URE');
INSERT INTO Marque_panneau (nom) VALUES ('Ningbo');
INSERT INTO Marque_panneau (nom) VALUES ('Solibro');
INSERT INTO Marque_panneau (nom) VALUES ('Algatec_Solar');
INSERT INTO Marque_panneau (nom) VALUES ('Pramac');
INSERT INTO Marque_panneau (nom) VALUES ('AMP_Solar');
INSERT INTO Marque_panneau (nom) VALUES ('Solarday');
INSERT INTO Marque_panneau (nom) VALUES ('Metrotile');
INSERT INTO Marque_panneau (nom) VALUES ('Solarwatt');
INSERT INTO Marque_panneau (nom) VALUES ('Kyocera');
INSERT INTO Marque_panneau (nom) VALUES ('Perlight_Solar');
INSERT INTO Marque_panneau (nom) VALUES ('Giordano');
INSERT INTO Marque_panneau (nom) VALUES ('KL_Solar');
INSERT INTO Marque_panneau (nom) VALUES ('LGelectronics');
INSERT INTO Marque_panneau (nom) VALUES ('DMEGC');
INSERT INTO Marque_panneau (nom) VALUES ('SunPower');
INSERT INTO Marque_panneau (nom) VALUES ('SyneXium');
INSERT INTO Marque_panneau (nom) VALUES ('Solarwood');
INSERT INTO Marque_panneau (nom) VALUES ('URECO');
INSERT INTO Marque_panneau (nom) VALUES ('HYUNDAI');
INSERT INTO Marque_panneau (nom) VALUES ('GH_Solar');
INSERT INTO Marque_panneau (nom) VALUES ('Midi_Solaire');
INSERT INTO Marque_panneau (nom) VALUES ('AEG');
INSERT INTO Marque_panneau (nom) VALUES ('ghtenergy');
INSERT INTO Marque_panneau (nom) VALUES ('CAPTELIA_');
INSERT INTO Marque_panneau (nom) VALUES ('AVASOL');
INSERT INTO Marque_panneau (nom) VALUES ('SUN_TECHNOLOGY');
INSERT INTO Marque_panneau (nom) VALUES ('CSG_Solar_AG');
INSERT INTO Marque_panneau (nom) VALUES ('BEIJING_PROFLEX');
INSERT INTO Marque_panneau (nom) VALUES ('AU_O');
INSERT INTO Marque_panneau (nom) VALUES ('SOLAR_ONE');
INSERT INTO Marque_panneau (nom) VALUES ('Topper_Sun');
INSERT INTO Marque_panneau (nom) VALUES ('Korax');
INSERT INTO Marque_panneau (nom) VALUES ('MHH');
INSERT INTO Marque_panneau (nom) VALUES ('Amerisolar');
INSERT INTO Marque_panneau (nom) VALUES ('Bisol');
INSERT INTO Marque_panneau (nom) VALUES ('Imerys');
INSERT INTO Marque_panneau (nom) VALUES ('SUNeNERGY');
INSERT INTO Marque_panneau (nom) VALUES ('SOLVIS');
INSERT INTO Marque_panneau (nom) VALUES ('ZYTECH');
INSERT INTO Marque_panneau (nom) VALUES ('FreeSuntec');
INSERT INTO Marque_panneau (nom) VALUES ('Solarfun');
INSERT INTO Marque_panneau (nom) VALUES ('FVGeNERGY');
INSERT INTO Marque_panneau (nom) VALUES ('BHEL');
INSERT INTO Marque_panneau (nom) VALUES ('Suneasy');
INSERT INTO Marque_panneau (nom) VALUES ('FRANCEWATTS');
INSERT INTO Marque_panneau (nom) VALUES ('French_Solar_Industry');
INSERT INTO Marque_panneau (nom) VALUES ('kvazar');
INSERT INTO Marque_panneau (nom) VALUES ('JMS');
INSERT INTO Marque_panneau (nom) VALUES ('AstroPower');
INSERT INTO Marque_panneau (nom) VALUES ('SolarTechnics');
INSERT INTO Marque_panneau (nom) VALUES ('Oryon');
INSERT INTO Marque_panneau (nom) VALUES ('sunworx_solar');
INSERT INTO Marque_panneau (nom) VALUES ('SolarEdge');
INSERT INTO Marque_panneau (nom) VALUES ('CNPV');
INSERT INTO Marque_panneau (nom) VALUES ('Jinhua_Dokio');
INSERT INTO Marque_panneau (nom) VALUES ('NAPS');
INSERT INTO Marque_panneau (nom) VALUES ('Moser_Baer');
INSERT INTO Marque_panneau (nom) VALUES ('Rheinzink');
INSERT INTO Marque_panneau (nom) VALUES ('Sunways');
INSERT INTO Marque_panneau (nom) VALUES ('Panasonic');
INSERT INTO Marque_panneau (nom) VALUES ('Koramic');
INSERT INTO Marque_panneau (nom) VALUES ('Solaris');
INSERT INTO Marque_panneau (nom) VALUES ('Benqsolar');
INSERT INTO Marque_panneau (nom) VALUES ('APRISUN');
INSERT INTO Marque_panneau (nom) VALUES ('Centrosolar');
INSERT INTO Marque_panneau (nom) VALUES ('UE_Solar');
INSERT INTO Marque_panneau (nom) VALUES ('Solara');
INSERT INTO Marque_panneau (nom) VALUES ('Asola');
INSERT INTO Marque_panneau (nom) VALUES ('Unisolar');
INSERT INTO Marque_panneau (nom) VALUES ('AXITEC');
INSERT INTO Marque_panneau (nom) VALUES ('Xgroup');
INSERT INTO Marque_panneau (nom) VALUES ('Sanyo');
INSERT INTO Marque_panneau (nom) VALUES ('Yohkon');
INSERT INTO Marque_panneau (nom) VALUES ('AXUN');
INSERT INTO Marque_panneau (nom) VALUES ('Sunset');
INSERT INTO Marque_panneau (nom) VALUES ('Siligem');
INSERT INTO Marque_panneau (nom) VALUES ('833_Solar');
INSERT INTO Marque_panneau (nom) VALUES ('ITS_Innotech_Solar');
INSERT INTO Marque_panneau (nom) VALUES ('3Aenergies');
INSERT INTO Marque_panneau (nom) VALUES ('Sunny_Swiss');
INSERT INTO Marque_panneau (nom) VALUES ('SOLSONICA');
INSERT INTO Marque_panneau (nom) VALUES ('IM_SOLAR');
INSERT INTO Marque_panneau (nom) VALUES ('Hanwha_SolarOne');
INSERT INTO Marque_panneau (nom) VALUES ('WOLT_TEKNOLOGY');
INSERT INTO Marque_panneau (nom) VALUES ('Shanghai');
INSERT INTO Marque_panneau (nom) VALUES ('Elite_Solar');
INSERT INTO Marque_panneau (nom) VALUES ('LC_Solar');
INSERT INTO Marque_panneau (nom) VALUES ('Freeenergy');
INSERT INTO Marque_panneau (nom) VALUES ('Intertechnology');
INSERT INTO Marque_panneau (nom) VALUES ('Totalenergie');
INSERT INTO Marque_panneau (nom) VALUES ('EniTecnologie');
INSERT INTO Marque_panneau (nom) VALUES ('Photovoltech');
INSERT INTO Marque_panneau (nom) VALUES ('ECSOLAR');
INSERT INTO Marque_panneau (nom) VALUES ('Helios_Technology');
INSERT INTO Marque_panneau (nom) VALUES ('Intersolar');
INSERT INTO Marque_panneau (nom) VALUES ('Ulica');
INSERT INTO Marque_panneau (nom) VALUES ('Mitsubishi_Heavy');
INSERT INTO Marque_panneau (nom) VALUES ('SETA');
INSERT INTO Marque_panneau (nom) VALUES ('HelioSphera');
INSERT INTO Marque_panneau (nom) VALUES ('TESUN');
INSERT INTO Marque_panneau (nom) VALUES ('Inventux');
INSERT INTO Marque_panneau (nom) VALUES ('FoVo_Handles');
INSERT INTO Marque_panneau (nom) VALUES ('ZG___Cells');
INSERT INTO Marque_panneau (nom) VALUES ('Solarstocc');
INSERT INTO Marque_panneau (nom) VALUES ('Sunlink_PV');
INSERT INTO Marque_panneau (nom) VALUES ('Elysun');
INSERT INTO Marque_panneau (nom) VALUES ('Solaire_Direct');
INSERT INTO Marque_panneau (nom) VALUES ('Kaneka');
INSERT INTO Marque_panneau (nom) VALUES ('Risun');
INSERT INTO Marque_panneau (nom) VALUES ('NORWATT');
INSERT INTO Marque_panneau (nom) VALUES ('Solareole');
INSERT INTO Marque_panneau (nom) VALUES ('EliFrance');
INSERT INTO Marque_panneau (nom) VALUES ('Energy_Solutions');
INSERT INTO Marque_panneau (nom) VALUES ('Terrasolar');
INSERT INTO Marque_panneau (nom) VALUES ('S.e._Project');
INSERT INTO Marque_panneau (nom) VALUES ('SUNERG');
INSERT INTO Marque_panneau (nom) VALUES ('Alliantz');
INSERT INTO Marque_panneau (nom) VALUES ('YOCASOL');
INSERT INTO Marque_panneau (nom) VALUES ('Elsingor');
INSERT INTO Marque_panneau (nom) VALUES ('WORLWIDEeNERGY_AND_MANUFACTURING');
INSERT INTO Marque_panneau (nom) VALUES ('CNBM_Solar');
INSERT INTO Marque_panneau (nom) VALUES ('GESOLAR');
INSERT INTO Marque_panneau (nom) VALUES ('Solea');
INSERT INTO Marque_panneau (nom) VALUES ('PVT_Austria');
INSERT INTO Marque_panneau (nom) VALUES ('SYSTOVI');
INSERT INTO Marque_panneau (nom) VALUES ('Sovello');
INSERT INTO Marque_panneau (nom) VALUES ('ORI_Solar');

-- Insertions pour la table Modele_panneau
INSERT INTO Modele_panneau (nom_modele) VALUES
('HIP-215 NKHE1'),
('CS5A-170M'),
('PV-MF175 TD4');

-- Insertions pour la table Marque_onduleur
INSERT INTO Marque_onduleur (nom) VALUES
('SMA'),
('Mastervolt');

-- Insertions pour la table Modele_onduleur
INSERT INTO Modele_onduleur (nom) VALUES
('Sunny Boy 2800'),
('SunMaster QS 3500'),
('Sunny Boy 2500');

-- Insertions pour la table Onduleur
INSERT INTO Onduleur (id_onduleur, nom, nom_Marque_onduleur) VALUES
(1, 'Sunny Boy 2800', 'SMA'),
(2, 'SunMaster QS 3500', 'Mastervolt'),
(3, 'Sunny Boy 2500', 'SMA');

-- Insertions pour la table Installateur
INSERT INTO Installateur (id, nom) VALUES
(1, 'MECOTECH'),
(2, 'Helio Therma'),
(3, 'Cervin Enr');

-- Insertions pour la table Panneau
INSERT INTO Panneau (id_panneau, nom_modele, nom) VALUES
(1, 'HIP-215 NKHE1', 'Sanyo'),
(2, 'CS5A-170M', 'Canadian Solar'),
(3, 'PV-MF175 TD4', 'Mitsubishi');

-- Insertions pour la table Installation
INSERT INTO Installation (
    id, iddoc, an_installation, mois_installation, nb_panneaux,
    installateur, lat, `long`, production_pvgis, puissance_crete,
    pente, pente_optimum, surface, orientation, orientation_optimum,
    administrative_area_level3, administrative_area_level4, political,
    id_Installateur, id_onduleur, code_insee, id_panneau
) VALUES
(1, 1, '2007-01-01', '2007-09-01', 14, 'MECOTECH', 43.51, 1.51, 3633, 3010, 20, 37, 22, -20, 1, NULL, NULL, NULL, 1, 1, 1001, 1),
(2, 4, '2008-01-01', '2008-03-01', 18, 'Helio Therma', 43.5, 3.37, 3742, 3060, 20, 38, 23, 70, 0, NULL, NULL, NULL, 2, 2, 1002, 2),
(3, 12, '2007-01-01', '2007-12-01', 63, 'Cervin Enr', 45.06, 4.88, 13360, 11025, 15, 37, 81, -20, 0, NULL, NULL, NULL, 3, 3, 1004, 3);
